y_pred,0.0,1.0
0,0.986737400530504,0.013262599469496022
1,0.04032258064516129,0.9596774193548387
