KMeans_Regime,0,1
0,0.9857270294380018,0.014272970561998216
1,0.04919292851652575,0.9508070714834742
